Model,MAE,RMSE,R^2
Baseline (OLS),8138.51564095423,9239.448505263028,-6.672596270983813
XGBoost,14821.769707456799,15192.469558872099,-19.74469229705667
